-- Adminer 4.7.2 MySQL dump

SET NAMES utf8;
SET time_zone = '+00:00';
SET foreign_key_checks = 0;
SET sql_mode = 'NO_AUTO_VALUE_ON_ZERO';

SET NAMES utf8mb4;

DROP DATABASE IF EXISTS `mycompany`;
CREATE DATABASE `mycompany` /*!40100 DEFAULT CHARACTER SET utf8mb4 COLLATE utf8mb4_0900_ai_ci */ /*!80016 DEFAULT ENCRYPTION='N' */;
USE `mycompany`;

DROP TABLE IF EXISTS `customer`;
CREATE TABLE `customer` (
  `cid` bigint(20) unsigned NOT NULL AUTO_INCREMENT,
  `fname` varchar(50) CHARACTER SET utf8mb4 COLLATE utf8mb4_0900_ai_ci NOT NULL,
  `lname` varchar(50) CHARACTER SET utf8mb4 COLLATE utf8mb4_0900_ai_ci NOT NULL,
  `email` varchar(50) CHARACTER SET utf8mb4 COLLATE utf8mb4_0900_ai_ci NOT NULL,
  PRIMARY KEY (`cid`)
) ENGINE=InnoDB DEFAULT CHARSET=utf8;

INSERT INTO `customer` (`cid`, `fname`, `lname`, `email`) VALUES
(1,	'John',	'Doe',	'john@doe.com'),
(2,	'Pink',	'Floyd',	'pink@floyd.com'),
(3,	'Val',	'Labadie',	'val@labadie.com'),
(4,	'Maire',	'Gorney',	'maire@gorney.com'),
(5,	'Pearl',	'Ospina',	'pearl@ospina.com'),
(6,	'Verena',	'Forrester',	'verena@forrester.com'),
(7,	'Shawnta',	'Dimond',	'shawnta@dimond.com'),
(8,	'Damion',	'Razo',	'damion@razo.com'),
(9,	'William',	'Irvin',	'william@irvin.com'),
(10,	'Letty',	'Pegg',	'letty@pegg.com'),
(11,	'Kenyetta',	'Mccaslin',	'kenyetta@mccaslin.com'),
(12,	'Leigha',	'Swiderski',	'leigha@swiderski.com'),
(13,	'Nell',	'Mcginty',	'nell@mcginty.com'),
(14,	'Karrie',	'Paquette',	'karrie@paquette.com'),
(15,	'Kayce',	'Biddle',	'kayce@biddle.com'),
(16,	'Jeannie',	'Campanelli',	'jeannie@campanelli.com'),
(17,	'Kyoko',	'Rankin',	'kyoko@rankin.com'),
(18,	'Shirely',	'Oldaker',	'shirely@oldaker.com'),
(19,	'Moses',	'Lainez',	'moses@lainez.com'),
(20,	'Evelyne',	'Addington',	'evelyne@addington.com'),
(21,	'Edyth',	'Larusso',	'edyth@larusso.com'),
(22,	'Denisse',	'Hartsoe',	'denisse@hartsoe.com');

DROP TABLE IF EXISTS `order`;
CREATE TABLE `order` (
  `oid` int(11) NOT NULL AUTO_INCREMENT,
  `cid` bigint(20) unsigned NOT NULL,
  `purchase_date` date NOT NULL,
  `country_id` int(11) NOT NULL,
  `device` int(11) NOT NULL,
  PRIMARY KEY (`oid`),
  KEY `cid` (`cid`),
  CONSTRAINT `order_ibfk_1` FOREIGN KEY (`cid`) REFERENCES `customer` (`cid`)
) ENGINE=InnoDB DEFAULT CHARSET=utf8;

INSERT INTO `order` (`oid`, `cid`, `purchase_date`, `country_id`, `device`) VALUES
(1,	1,	'2019-08-23',	1,	111),
(2,	2,	'2019-08-25',	2,	8443),
(3,	12,	'2019-04-23',	69,	85567),
(4,	6,	'2019-04-24',	127,	27089),
(5,	18,	'2019-04-25',	28,	56059),
(6,	21,	'2019-04-26',	28,	14690),
(7,	15,	'2019-04-27',	147,	83395),
(8,	16,	'2019-04-28',	36,	85235),
(9,	1,	'2019-04-29',	54,	71662),
(10,	7,	'2019-04-30',	63,	79596),
(11,	1,	'2019-05-01',	35,	15008),
(12,	16,	'2019-05-02',	58,	47472),
(13,	7,	'2019-05-03',	46,	57919),
(14,	12,	'2019-05-04',	4,	58557),
(15,	9,	'2019-05-05',	17,	90541),
(16,	18,	'2019-05-06',	38,	86469),
(17,	15,	'2019-05-07',	61,	22188),
(18,	2,	'2019-05-08',	10,	18432),
(19,	4,	'2019-05-09',	128,	36337),
(20,	9,	'2019-05-10',	54,	23147),
(21,	11,	'2019-05-11',	20,	37951),
(22,	13,	'2019-05-12',	40,	25140),
(23,	18,	'2019-05-13',	45,	94459),
(24,	18,	'2019-05-14',	108,	71122),
(25,	16,	'2019-05-15',	132,	87551),
(26,	5,	'2019-05-16',	88,	84205),
(27,	10,	'2019-05-17',	62,	39909),
(28,	3,	'2019-05-18',	63,	64454),
(29,	2,	'2019-05-19',	119,	81870),
(30,	4,	'2019-05-20',	111,	99299),
(31,	7,	'2019-05-21',	13,	29600),
(32,	1,	'2019-05-22',	71,	70531),
(33,	3,	'2019-05-23',	21,	19743),
(34,	19,	'2019-05-24',	34,	30375),
(35,	4,	'2019-05-25',	100,	85005),
(36,	20,	'2019-05-26',	134,	45092),
(37,	2,	'2019-05-27',	86,	58345),
(38,	16,	'2019-05-28',	33,	67196),
(39,	7,	'2019-05-29',	95,	56592),
(40,	9,	'2019-05-30',	149,	52944),
(41,	9,	'2019-05-31',	23,	60721),
(42,	18,	'2019-06-01',	66,	13773),
(43,	11,	'2019-06-02',	59,	63738),
(44,	11,	'2019-06-03',	67,	58253),
(45,	12,	'2019-06-04',	152,	44632),
(46,	18,	'2019-06-05',	23,	27038),
(47,	20,	'2019-06-06',	61,	77170),
(48,	5,	'2019-06-07',	30,	71091),
(49,	10,	'2019-06-08',	117,	76381),
(50,	9,	'2019-06-09',	94,	42268),
(51,	18,	'2019-06-10',	84,	14730),
(52,	21,	'2019-06-11',	102,	45455),
(53,	18,	'2019-06-12',	135,	68133),
(54,	13,	'2019-06-13',	113,	98904),
(55,	20,	'2019-06-14',	1,	85258),
(56,	3,	'2019-06-15',	85,	85074),
(57,	6,	'2019-06-16',	135,	63429),
(58,	13,	'2019-06-17',	32,	25209),
(59,	2,	'2019-06-18',	3,	84893),
(60,	19,	'2019-06-19',	99,	35572),
(61,	12,	'2019-06-20',	46,	55174),
(62,	3,	'2019-06-21',	112,	84043),
(63,	11,	'2019-06-22',	133,	77251),
(64,	17,	'2019-06-23',	2,	15750),
(65,	3,	'2019-06-24',	39,	91521),
(66,	5,	'2019-06-25',	95,	77844),
(67,	20,	'2019-06-26',	109,	34709),
(68,	11,	'2019-06-27',	44,	68273),
(69,	15,	'2019-06-28',	143,	82144),
(70,	16,	'2019-06-29',	105,	79192),
(71,	20,	'2019-06-30',	137,	91158),
(72,	12,	'2019-07-01',	66,	35836),
(73,	14,	'2019-07-02',	134,	36923),
(74,	11,	'2019-07-03',	8,	95250),
(75,	7,	'2019-07-04',	48,	98761),
(76,	2,	'2019-07-05',	65,	91791),
(77,	21,	'2019-07-06',	79,	93081),
(78,	12,	'2019-07-07',	99,	24262),
(79,	20,	'2019-07-08',	137,	56641),
(80,	15,	'2019-07-09',	139,	33494),
(81,	10,	'2019-07-10',	132,	83106),
(82,	13,	'2019-07-11',	83,	71942),
(83,	19,	'2019-07-12',	84,	68505),
(84,	13,	'2019-07-13',	116,	43675),
(85,	8,	'2019-07-14',	105,	22622),
(86,	6,	'2019-07-15',	50,	30107),
(87,	3,	'2019-07-16',	56,	76332),
(88,	7,	'2019-07-17',	44,	72312),
(89,	19,	'2019-07-18',	121,	56688),
(90,	17,	'2019-07-19',	63,	38487),
(91,	16,	'2019-07-20',	43,	78426),
(92,	10,	'2019-07-21',	90,	15254),
(93,	8,	'2019-07-22',	152,	46407),
(94,	10,	'2019-07-23',	130,	75787),
(95,	19,	'2019-07-24',	11,	79541),
(96,	10,	'2019-07-25',	148,	91212),
(97,	18,	'2019-07-26',	70,	55451),
(98,	16,	'2019-07-27',	114,	44872),
(99,	1,	'2019-07-28',	118,	19860),
(100,	7,	'2019-07-29',	142,	43239),
(101,	10,	'2019-07-30',	48,	27946),
(102,	21,	'2019-07-31',	45,	92910),
(103,	11,	'2019-08-01',	15,	95930),
(104,	6,	'2019-08-02',	4,	69146),
(105,	3,	'2019-08-03',	34,	80952),
(106,	9,	'2019-08-04',	109,	64463),
(107,	7,	'2019-08-05',	44,	88327),
(108,	18,	'2019-08-06',	53,	11112),
(109,	8,	'2019-08-07',	98,	30438),
(110,	18,	'2019-08-08',	41,	96160),
(111,	18,	'2019-08-09',	8,	90343),
(112,	9,	'2019-08-10',	6,	24124),
(113,	6,	'2019-08-11',	51,	16946),
(114,	2,	'2019-08-12',	135,	75103),
(115,	1,	'2019-08-13',	138,	22507),
(116,	17,	'2019-08-14',	135,	53369),
(117,	21,	'2019-08-15',	80,	93184),
(118,	12,	'2019-08-16',	113,	37860),
(119,	10,	'2019-08-17',	32,	34236),
(120,	18,	'2019-08-18',	5,	84168),
(121,	5,	'2019-08-19',	138,	22262),
(122,	11,	'2019-08-20',	62,	91630),
(123,	1,	'2019-08-21',	89,	99176),
(124,	21,	'2019-08-22',	24,	68855),
(125,	8,	'2019-08-23',	144,	69063),
(126,	14,	'2019-08-24',	123,	53577),
(127,	3,	'2019-08-25',	138,	19067),
(128,	3,	'2019-05-25',	5,	20364),
(129,	15,	'2019-05-12',	112,	25936),
(130,	12,	'2019-05-02',	109,	91035),
(131,	15,	'2019-06-25',	63,	91561),
(132,	18,	'2019-06-06',	72,	42435),
(133,	12,	'2019-04-28',	86,	99661),
(134,	13,	'2019-07-22',	66,	91378),
(135,	2,	'2019-05-26',	94,	80366),
(136,	2,	'2019-05-08',	5,	16098),
(137,	1,	'2019-05-26',	58,	76534),
(138,	11,	'2019-05-14',	67,	12393),
(139,	8,	'2019-05-09',	85,	13423),
(140,	21,	'2019-05-08',	89,	70756),
(141,	8,	'2019-06-25',	55,	16334),
(142,	1,	'2019-05-01',	87,	93749),
(143,	2,	'2019-06-14',	82,	90839),
(144,	9,	'2019-05-19',	143,	76528),
(145,	4,	'2019-07-16',	34,	37122),
(146,	5,	'2019-05-24',	43,	34436),
(147,	2,	'2019-07-02',	25,	78523),
(148,	1,	'2019-04-26',	21,	46751),
(149,	5,	'2019-05-22',	84,	85428),
(150,	13,	'2019-05-12',	82,	23182),
(151,	4,	'2019-05-06',	19,	72899),
(152,	9,	'2019-06-07',	88,	79730),
(153,	5,	'2019-06-22',	133,	16070),
(154,	13,	'2019-06-28',	111,	42655),
(155,	19,	'2019-05-30',	48,	58259),
(156,	15,	'2019-06-13',	71,	59716),
(157,	11,	'2019-05-19',	21,	24664),
(158,	7,	'2019-04-26',	91,	62144),
(159,	17,	'2019-05-19',	103,	11639),
(160,	18,	'2019-07-13',	13,	22222),
(161,	20,	'2019-07-22',	18,	12793),
(162,	12,	'2019-05-02',	65,	72752),
(163,	14,	'2019-04-25',	84,	60608),
(164,	1,	'2019-06-29',	127,	65862),
(165,	19,	'2019-05-01',	139,	69057),
(166,	17,	'2019-04-29',	135,	86343),
(167,	4,	'2019-06-18',	108,	93547),
(168,	5,	'2019-07-19',	116,	14771),
(169,	18,	'2019-06-11',	30,	51072),
(170,	18,	'2019-07-11',	40,	90261),
(171,	1,	'2019-06-11',	52,	15380),
(172,	21,	'2019-06-22',	115,	37856),
(173,	12,	'2019-05-16',	110,	96383),
(174,	5,	'2019-05-02',	84,	43376),
(175,	10,	'2019-06-23',	58,	15075),
(176,	3,	'2019-05-31',	8,	81398),
(177,	8,	'2019-06-05',	77,	28556),
(178,	7,	'2019-06-05',	33,	78389),
(179,	18,	'2019-07-03',	21,	65526),
(180,	14,	'2019-07-06',	103,	97018),
(181,	14,	'2019-06-26',	33,	27626),
(182,	20,	'2019-06-15',	80,	11697),
(183,	20,	'2019-05-15',	38,	64402),
(184,	4,	'2019-05-28',	97,	56881),
(185,	11,	'2019-05-31',	122,	19556),
(186,	9,	'2019-07-01',	117,	27635),
(187,	15,	'2019-05-01',	144,	81483),
(188,	5,	'2019-05-11',	40,	74249),
(189,	17,	'2019-06-27',	61,	54181),
(190,	1,	'2019-07-09',	23,	95672),
(191,	15,	'2019-06-30',	19,	76618),
(192,	10,	'2019-04-30',	52,	15277),
(193,	12,	'2019-04-28',	57,	28818),
(194,	10,	'2019-05-01',	67,	36365),
(195,	5,	'2019-05-17',	104,	78407),
(196,	16,	'2019-07-05',	80,	62578),
(197,	11,	'2019-05-03',	131,	72419),
(198,	11,	'2019-07-12',	4,	80531),
(199,	17,	'2019-06-22',	45,	14098),
(200,	10,	'2019-06-15',	131,	97397),
(201,	21,	'2019-05-20',	141,	11687),
(202,	6,	'2019-06-09',	120,	71222),
(203,	16,	'2019-06-10',	74,	79153),
(204,	15,	'2019-05-30',	124,	89127),
(205,	5,	'2019-07-12',	19,	77464),
(206,	19,	'2019-06-15',	41,	79461),
(207,	13,	'2019-07-21',	47,	10673),
(208,	18,	'2019-05-18',	125,	27443),
(209,	1,	'2019-07-04',	151,	17697),
(210,	18,	'2019-05-19',	71,	68643),
(211,	11,	'2019-06-03',	67,	96225),
(212,	4,	'2019-07-11',	126,	93373),
(213,	6,	'2019-07-16',	28,	71900),
(214,	11,	'2019-07-07',	31,	57939),
(215,	14,	'2019-06-01',	87,	53588),
(216,	15,	'2019-07-02',	75,	77835),
(217,	3,	'2019-04-24',	43,	35219),
(218,	13,	'2019-05-23',	57,	64688),
(219,	7,	'2019-04-24',	43,	65004),
(220,	9,	'2019-06-24',	150,	48444),
(221,	6,	'2019-06-09',	86,	65260),
(222,	7,	'2019-07-06',	50,	34778),
(223,	2,	'2019-06-03',	110,	44343),
(224,	9,	'2019-06-06',	120,	69127),
(225,	18,	'2019-06-29',	107,	51842),
(226,	13,	'2019-07-01',	48,	25954),
(227,	14,	'2019-05-10',	92,	64820),
(228,	14,	'2019-06-08',	136,	91618),
(229,	15,	'2019-06-04',	70,	34597),
(230,	2,	'2019-05-05',	4,	40856),
(231,	9,	'2019-05-03',	111,	10637),
(232,	15,	'2019-06-01',	102,	67574),
(233,	16,	'2019-06-25',	2,	11777),
(234,	17,	'2019-05-14',	66,	24097),
(235,	5,	'2019-06-30',	18,	16935),
(236,	5,	'2019-05-16',	53,	60234),
(237,	17,	'2019-04-25',	26,	46011),
(238,	18,	'2019-05-25',	143,	20090),
(239,	20,	'2019-06-16',	60,	56506),
(240,	8,	'2019-05-23',	24,	10057),
(241,	8,	'2019-07-19',	122,	63660),
(242,	9,	'2019-04-27',	70,	98959),
(243,	12,	'2019-05-28',	76,	28753),
(244,	5,	'2019-06-28',	141,	34005),
(245,	12,	'2019-07-08',	122,	36398),
(246,	7,	'2019-06-14',	112,	46641),
(247,	21,	'2019-04-27',	128,	20256),
(248,	10,	'2019-06-19',	50,	85652),
(249,	6,	'2019-05-28',	29,	11315),
(250,	10,	'2019-05-12',	106,	19342),
(251,	3,	'2019-05-29',	23,	70687),
(252,	4,	'2019-06-17',	77,	11060);

DROP TABLE IF EXISTS `order_item`;
CREATE TABLE `order_item` (
  `oid` int(11) NOT NULL,
  `EAN` bigint(13) NOT NULL,
  `quantity` int(11) NOT NULL,
  `price` float NOT NULL,
  KEY `oid` (`oid`),
  CONSTRAINT `order_item_ibfk_1` FOREIGN KEY (`oid`) REFERENCES `order` (`oid`)
) ENGINE=InnoDB DEFAULT CHARSET=utf8;

INSERT INTO `order_item` (`oid`, `EAN`, `quantity`, `price`) VALUES
(1,	5100755763660,	3,	290),
(155,	8167909657624,	4,	50),
(205,	8055072093249,	2,	88.05),
(3,	8944828644490,	18,	4.45),
(165,	5202376352632,	11,	64.65),
(13,	9069993235667,	3,	33.16),
(119,	2127758970887,	1,	53.59),
(201,	2168170331436,	17,	95.45),
(149,	3872882206653,	6,	11.55),
(231,	2407815096173,	14,	20.29),
(183,	2686964908772,	4,	67.19),
(126,	3302300779567,	14,	48.16),
(13,	2018451818617,	4,	7.68),
(243,	8215415972705,	18,	35.6),
(147,	6776148348986,	11,	58.75),
(60,	9219926537809,	19,	98.34),
(87,	5258245883665,	1,	4.43),
(28,	4302467165590,	2,	14.81),
(41,	6773632915189,	3,	38.91),
(130,	6659562789157,	5,	97.8),
(142,	1206890429001,	19,	62.58),
(194,	3423249893602,	15,	68.31),
(1,	4237057532165,	1,	38.18),
(177,	4799122166576,	8,	34.2),
(181,	9810111010260,	12,	94.31),
(70,	4146236162236,	19,	30.13),
(141,	7866846316794,	7,	40.09),
(177,	7991001575111,	8,	62.09),
(169,	1203688039028,	7,	36.54),
(203,	3396785531230,	10,	82.47),
(38,	3755434731186,	3,	55.41),
(70,	9279958255703,	18,	55.83),
(224,	6939109160610,	17,	49.33),
(187,	6062434109572,	5,	47.49),
(238,	1858118740476,	17,	50.97),
(153,	7758056249753,	2,	24.1),
(182,	2502943125954,	4,	40.79),
(103,	3513796666901,	11,	38.99),
(206,	1791807705236,	4,	10.14),
(146,	1666963552065,	12,	5.76),
(212,	3600511111253,	15,	17.51),
(237,	6623608987296,	9,	11.22),
(124,	9221104481565,	4,	15.65),
(102,	8823466322995,	4,	19.9),
(180,	5299196415222,	15,	49.53),
(107,	7828173005013,	11,	53.01),
(26,	3053595799319,	19,	63.88),
(231,	7450010733643,	2,	86.72),
(198,	6179938771989,	6,	40.74),
(136,	2622402864885,	19,	22.86),
(38,	3293784789501,	14,	12.39),
(4,	3319158867485,	10,	35.27),
(101,	8171072708354,	4,	35.79),
(242,	4327825797110,	1,	57.95),
(2,	3117780884533,	20,	65.25),
(48,	2337885039850,	19,	35.3),
(41,	6510554985825,	8,	44.31),
(82,	6805938561451,	11,	29.06),
(12,	1574727816690,	11,	97.45),
(166,	6237655138811,	9,	32.48),
(125,	2461636538322,	10,	85.4),
(182,	7385924175892,	2,	96.87),
(180,	9998730365349,	15,	51.73),
(24,	6147257700870,	1,	50.29),
(172,	9415895776319,	6,	2.07),
(220,	1736918710922,	14,	59.93),
(72,	3303781520569,	13,	82.78),
(103,	4093067985154,	6,	33.25),
(216,	6294693679164,	9,	14.21),
(35,	9253721655200,	18,	51.59),
(30,	6917313109263,	1,	54.13),
(10,	2396057255019,	5,	57.31),
(106,	7856247279139,	4,	53.05),
(68,	5951856383479,	3,	15.72),
(117,	7439254982914,	8,	42.77),
(14,	4229712991384,	20,	33.47),
(30,	6456220639792,	19,	13.93),
(224,	1409350036632,	6,	18.94),
(122,	2840076817286,	8,	18.13),
(65,	3942547839735,	2,	29.37),
(150,	4680773426610,	5,	91),
(57,	2420271248913,	13,	83.4),
(215,	3839604113662,	2,	3.59),
(218,	8083504210215,	8,	49.74),
(231,	3034186382939,	12,	64.27),
(196,	7412282975664,	14,	58.82),
(242,	6384924630455,	8,	67.02),
(231,	3516745841454,	7,	99.17),
(62,	4103513580505,	17,	27.44),
(234,	5411450492462,	20,	26.28),
(176,	3684710841726,	8,	35.2),
(209,	3546335952687,	17,	96.73),
(103,	7095031330652,	13,	72.48),
(196,	5383449037557,	20,	73.56),
(184,	8913348536540,	10,	35.37),
(199,	9152979274010,	6,	17.71),
(152,	9198612088560,	20,	95.89),
(117,	6679044158431,	2,	51.91),
(170,	3911217894201,	19,	38.08),
(235,	6557859640044,	4,	55.47),
(204,	3606506605943,	4,	16.72),
(117,	1206612230688,	10,	31.92),
(34,	1736935274424,	10,	52.23),
(85,	6230876136521,	6,	56.87),
(24,	2905291205188,	10,	14.93),
(227,	2075403336936,	20,	41.42),
(205,	7895772772787,	9,	98.61),
(218,	9130400608157,	5,	52.76),
(11,	6392669989478,	16,	3.19),
(3,	3918465933324,	12,	95.19),
(245,	9470038165105,	5,	97.91),
(165,	3546289768442,	13,	24.28),
(3,	5305590063606,	3,	36.65),
(180,	9475820103673,	5,	53.65),
(198,	2250540892970,	5,	69.46),
(158,	1654514697949,	16,	27.88),
(93,	1872129540524,	18,	14.26),
(152,	8393379344138,	20,	22.4),
(164,	5111093818568,	15,	81.06),
(113,	8151787798034,	15,	46.96),
(31,	5079192090005,	13,	68.56),
(85,	8166371325542,	10,	7.12),
(163,	5567581244285,	12,	83.26),
(245,	4841866172716,	19,	45.61),
(233,	6558681081202,	9,	45.27),
(57,	8775611911565,	10,	57.67),
(230,	7653309812791,	7,	61.39),
(236,	5220330104676,	16,	83.84),
(228,	4132592811983,	17,	50.45),
(16,	6442141831928,	19,	30.41),
(68,	8227241387585,	1,	55.93),
(250,	3786531851867,	20,	20.75),
(45,	4935520476212,	13,	82.49),
(101,	3837552443614,	2,	58.15),
(232,	8055542387014,	9,	74.68),
(244,	5414965172596,	12,	11.94),
(165,	1435122576823,	4,	91.64),
(101,	2724655567722,	12,	57.19),
(12,	7058072849368,	7,	3.53),
(139,	5298248105369,	1,	10.07),
(123,	8661186354885,	16,	77.75),
(34,	1761997133211,	18,	55.73),
(132,	6957538299790,	8,	56.1),
(236,	2880615764909,	17,	42.01),
(219,	5166734685449,	14,	32.78),
(209,	6197798267825,	6,	99.74),
(159,	2320842391636,	3,	8.83),
(188,	1054576161613,	14,	27.72),
(103,	3398399367842,	15,	97.81),
(165,	7522674809926,	15,	28.25),
(57,	6337637035341,	16,	48),
(143,	2641606431936,	20,	9.97),
(119,	1278217940349,	20,	29.38),
(214,	8954757091595,	15,	40.62),
(199,	1485108992150,	11,	62.54),
(1,	4728375277589,	10,	82.5),
(91,	1326254465628,	20,	42.87),
(164,	2002254172031,	17,	38.46),
(203,	4599175401706,	3,	23.52),
(166,	8535353441583,	15,	93.1),
(10,	3915894302141,	7,	86.87),
(216,	3577714406730,	18,	50.5),
(199,	9216437340570,	4,	20),
(25,	9817356985410,	4,	27.24),
(178,	4871935656384,	3,	57.58),
(25,	6182889537070,	4,	50.86),
(77,	4928901945030,	17,	27.37),
(40,	5217546835505,	4,	81.16),
(252,	1383081994246,	3,	42.62),
(121,	4607833913331,	2,	13.99),
(241,	2231970413178,	13,	30.55),
(103,	6627343125777,	14,	23.29),
(80,	1498880990806,	1,	61.41),
(207,	3172176242938,	9,	74.06),
(200,	7801311965649,	10,	28.93),
(36,	8444366703217,	14,	6.63),
(138,	4649231037379,	18,	76.6),
(60,	3885778249443,	16,	90.58),
(130,	8483190920725,	14,	40.94),
(34,	3422402655746,	1,	13.26),
(100,	9999653488943,	11,	50.58),
(67,	9958824374612,	11,	15.12),
(234,	3089024480943,	13,	45.51),
(94,	5139193285020,	3,	13.8),
(103,	9322204985671,	7,	3.35),
(9,	6594820397288,	5,	65.83),
(101,	4226711743687,	9,	24.97),
(167,	5753180482835,	18,	96.18),
(137,	4831999312212,	1,	2.55),
(40,	9028049587505,	16,	65.84),
(205,	6916020500177,	20,	56.51),
(148,	4681992422180,	11,	97.51),
(83,	3765663664580,	5,	15.6),
(187,	4246754247593,	10,	96.74),
(14,	9899086929497,	11,	19.3),
(46,	8908584076206,	4,	34.75),
(11,	1916075982508,	19,	49.45),
(80,	4798343474735,	7,	47.58),
(186,	4393402354193,	16,	51.51),
(161,	3353193930695,	3,	81.39),
(198,	4669448404810,	14,	52.59),
(42,	6054930442427,	20,	21.3),
(183,	4028078962326,	7,	9.77),
(133,	2036553001090,	15,	81.68),
(120,	3037266578208,	19,	51.98),
(206,	8515720089530,	1,	43.32),
(34,	8019253283833,	5,	66.29),
(92,	1423779423550,	6,	80.04),
(25,	7380685946539,	9,	69.61),
(197,	1183958703575,	12,	35.71),
(155,	2183474981053,	10,	2.95),
(212,	8344390447440,	7,	14.28),
(73,	5665057258177,	10,	76.48),
(240,	1035523053010,	12,	51),
(206,	9668299837486,	12,	15.57),
(165,	3232097359312,	13,	72.5),
(164,	5070297001494,	8,	77.79),
(101,	1365229912703,	15,	85.88),
(133,	5636717421936,	7,	5.74),
(117,	9166661978035,	9,	74.99),
(180,	7076674028158,	4,	42.32),
(7,	6761780814171,	18,	70.75),
(189,	9802435551156,	15,	92.07),
(33,	1468758488123,	20,	83.68),
(220,	5655394250296,	2,	28.46),
(154,	7957091811945,	18,	37),
(123,	1506161885490,	3,	69.39),
(110,	3852507492113,	6,	99.76),
(240,	9717195278396,	6,	38.42),
(233,	5132189286747,	2,	59.2),
(70,	4833438019448,	7,	17.11),
(214,	8131009950424,	7,	18.66),
(175,	4670929025812,	20,	73.04),
(119,	3693264114035,	19,	35.6),
(134,	8112426011615,	8,	15.04),
(202,	9266099748651,	13,	94.68),
(199,	2672833759303,	8,	16.71),
(203,	1198933770250,	2,	33.61),
(74,	2390333687378,	9,	95.04),
(247,	8467928976118,	19,	92.65),
(67,	8101683085365,	13,	35.14),
(195,	8676961769069,	4,	81.08),
(201,	6659561091952,	11,	32.3),
(36,	2833848548962,	4,	15.94),
(193,	3181879987905,	4,	96.74),
(63,	4920678097666,	5,	54.97),
(37,	8656924017906,	9,	25.31),
(85,	6087281730709,	4,	58.07),
(98,	8472162511719,	10,	57.05),
(30,	2180593013356,	16,	93.85),
(215,	5697570957723,	5,	40.23),
(202,	5578745623527,	1,	51.22),
(80,	7910305226229,	2,	4.46),
(96,	7408278150715,	12,	67.02),
(130,	9113249188925,	10,	4.75),
(209,	6486941323530,	5,	97.36),
(11,	2849621655355,	15,	82.6),
(178,	2589224334495,	14,	74.05),
(8,	7876129903491,	19,	58.91),
(227,	2094668972954,	10,	36.04),
(204,	4280354055251,	6,	11.32),
(48,	8396035776360,	12,	38.11),
(89,	4321715039251,	16,	32.35),
(175,	5862937837466,	17,	83.94),
(36,	8582125656762,	2,	0.07),
(59,	6318472135550,	15,	56.14),
(149,	3178747342602,	20,	54.73),
(182,	1117473950655,	14,	65.96),
(108,	2057593266350,	16,	69.93),
(247,	1571537871403,	17,	29.42),
(244,	8128749461894,	7,	86.74),
(191,	9201751541946,	12,	16.19),
(163,	3477305295021,	11,	8.49),
(195,	9265993724923,	15,	24.81),
(130,	1488546460596,	15,	17.45),
(51,	2451869999765,	5,	69.08),
(46,	7915938670785,	19,	5.65),
(129,	3187924304424,	10,	4.69),
(221,	3766345626517,	14,	78.69),
(22,	2473620842246,	7,	18.68),
(115,	3131248757835,	11,	59.41),
(21,	4334135206627,	9,	8.38),
(195,	8248074838254,	5,	74.87),
(101,	3858345895558,	20,	2.74),
(179,	7088970464355,	19,	23.06),
(204,	8046520163740,	20,	29.36),
(240,	7715531267247,	16,	46.2),
(136,	6454342123670,	6,	7.11),
(108,	4791846928413,	13,	42.55),
(119,	5968924208911,	19,	59.58),
(36,	6252627283438,	6,	75.7),
(32,	9069299594038,	7,	87.21),
(78,	3616834259174,	9,	1.18),
(135,	7623934983361,	7,	57.96),
(6,	8264695285162,	3,	72.11),
(208,	4747228139533,	11,	53.88),
(14,	4820254250510,	10,	89.86),
(224,	4301201054266,	13,	78.87),
(238,	7777815794804,	11,	51.4),
(55,	8278401882849,	11,	21.8),
(83,	7546290900645,	14,	24.64),
(69,	2595958508844,	4,	79.81),
(52,	5381465555616,	17,	77.58),
(203,	3284632670408,	4,	1.13),
(13,	5567153362458,	9,	26.9),
(227,	6087377907482,	20,	48.15),
(189,	7297532927161,	2,	8.58),
(92,	5827873649197,	5,	97.13),
(179,	2662280845453,	13,	37.04),
(196,	8608352533475,	12,	78.32),
(107,	1103325924515,	9,	54.82),
(221,	3023872532668,	5,	84.39),
(112,	8133512884760,	16,	37),
(58,	6446417001250,	5,	16.76),
(80,	2563714884832,	2,	78.42),
(64,	9519301708916,	12,	22.58),
(234,	2808139042521,	10,	83.06),
(238,	2909858215815,	20,	47.91),
(198,	2263392731620,	6,	95.43),
(43,	6819437074455,	8,	88.14),
(173,	7147285179277,	11,	5.74),
(128,	4187790362289,	15,	43.47),
(154,	6724874148921,	14,	71.79),
(207,	8110353428834,	2,	13.34),
(64,	3172653376665,	17,	20.9),
(140,	5431154178297,	10,	5.96),
(249,	6575318618014,	2,	42.68),
(147,	2133519446268,	15,	45.13),
(46,	4987697347950,	4,	74.14),
(185,	4753249013700,	11,	45.24),
(205,	5943061482748,	8,	65.88),
(246,	4131303037983,	16,	91.26),
(157,	8439604745085,	11,	75.32),
(201,	2787128822206,	12,	89.25),
(153,	3565628858259,	15,	61.46),
(119,	3611068743276,	19,	49.93),
(60,	2996829011309,	17,	4.46),
(83,	5716418458638,	2,	82.86),
(146,	4115768152979,	13,	56.21),
(16,	9590046483949,	19,	84.73),
(142,	3160769117642,	20,	82.08),
(99,	1953926007457,	16,	92.51),
(128,	4289491658591,	9,	64.42),
(211,	5727807615876,	4,	77.79),
(9,	9466921580893,	8,	94.15),
(116,	2101015690236,	8,	95.1),
(205,	2829476254303,	9,	4.55),
(71,	9983658267177,	17,	21.89),
(53,	6439582738639,	20,	15.67),
(133,	3924101225358,	5,	47.31),
(117,	2030931641151,	14,	27.37),
(178,	9541366053621,	14,	20.58),
(26,	2814158474592,	20,	58.66),
(116,	8482153162129,	8,	34.97),
(113,	4707023580585,	9,	86.63),
(232,	4076366694941,	17,	85.93),
(75,	7871318722855,	4,	63.36),
(112,	5450580251429,	11,	13.94),
(160,	4341004668857,	8,	30.94),
(107,	2700882398313,	2,	77.89),
(98,	6961181949882,	12,	86.95),
(80,	4590362294775,	1,	1.15),
(120,	4386518039489,	1,	20.88),
(245,	3100441379447,	2,	66.86),
(66,	1350827824417,	19,	11.86),
(149,	4270204043087,	13,	37.69),
(87,	5403872222003,	2,	6.67),
(37,	4495906233484,	7,	61.7),
(222,	7206635019347,	1,	45.85),
(48,	5391781541138,	13,	1.76),
(153,	5677137509761,	19,	1.23),
(173,	3046634461158,	5,	50.54),
(157,	7313712225204,	7,	76.54),
(63,	1135064540103,	8,	60.87),
(240,	6111331560670,	3,	12),
(61,	7617183217710,	15,	86.13),
(38,	9930675970831,	18,	97.79),
(85,	2155209069043,	20,	17.3),
(194,	9347580545182,	18,	55.46),
(71,	7152874375784,	19,	80.71),
(122,	3884745892145,	17,	83.89),
(247,	6194011824207,	11,	75.12),
(103,	1952843934532,	10,	32.3),
(234,	3185205724324,	17,	13.17),
(73,	1961946333927,	9,	90.06),
(39,	7756936403966,	15,	71.34),
(54,	4457006270292,	13,	71.9),
(169,	6031504931426,	17,	86.37),
(141,	2307783923022,	9,	0.22),
(152,	8686048445986,	3,	63.09),
(245,	4693152426608,	5,	34.69),
(102,	5724866729476,	1,	56.02),
(180,	4891217127377,	13,	36.93),
(99,	9927549802791,	11,	76.16),
(175,	8144347508046,	6,	15.16),
(90,	6493568175086,	13,	72.6),
(6,	7923204387066,	16,	56.61),
(58,	3623537745108,	14,	74.11),
(58,	5957614540720,	1,	21.85),
(212,	7732113542481,	9,	87.89),
(7,	1148433261628,	15,	25.78),
(46,	2994677333358,	4,	27.14),
(251,	2229994435741,	11,	5.05),
(117,	3974690992764,	13,	8.44),
(220,	3159258665073,	14,	53.34),
(225,	4333877253020,	18,	12.81),
(83,	4742383130429,	12,	20.79),
(224,	9659574883700,	7,	98.65),
(208,	3495976537867,	5,	4.3),
(7,	2700951164113,	4,	96.77),
(139,	7036298086473,	14,	2.02),
(170,	2248122262327,	14,	81.95),
(202,	5483369135881,	13,	86.28),
(75,	6542597023965,	8,	43.57),
(128,	4992137802709,	5,	52.47),
(116,	6361837465791,	9,	82.09),
(39,	9976841312439,	6,	7.75),
(240,	5802093082091,	13,	89.93),
(119,	1098746272092,	14,	48.53),
(73,	3533796300052,	13,	96.44),
(120,	7167644916213,	19,	8.15),
(41,	2230993450127,	15,	22.73),
(156,	2788151968643,	18,	33.28),
(131,	1528598792986,	1,	94.48),
(6,	5739404854302,	9,	41.09),
(128,	1630714003113,	19,	20.72),
(19,	9445019218172,	6,	64.05),
(61,	4969074658640,	1,	10.46),
(121,	6039325572297,	14,	52.6),
(250,	1651303938034,	10,	32.49),
(210,	9061053813047,	5,	49.37),
(217,	8841679531477,	5,	62.52),
(248,	6123975395488,	6,	57.73),
(70,	9100509476005,	5,	55.54),
(16,	3220022214305,	16,	21.31),
(130,	5721041085118,	2,	75.12),
(252,	4673550923960,	16,	3.6),
(234,	6521160165038,	9,	90.1),
(117,	7329853918032,	1,	71.46),
(127,	1293402006316,	20,	17.4),
(231,	6854140956728,	12,	60.95),
(176,	4398607131967,	16,	58.05),
(215,	1796877569631,	12,	84.7),
(250,	8763142798151,	1,	95.21),
(56,	9483939101906,	7,	6.02),
(75,	3350811458527,	1,	80.75),
(231,	1849877864130,	1,	17.21),
(80,	3387936656428,	11,	99.98),
(141,	2296516737357,	13,	46.31),
(40,	7705090950931,	13,	88.97),
(12,	1829573729286,	7,	35.11),
(131,	3529110453753,	14,	7.88),
(64,	6576909856664,	14,	52.03),
(169,	7732595036080,	4,	55.63),
(115,	3795549629121,	20,	86.62),
(77,	4472096941717,	11,	41.93),
(137,	9964500225396,	10,	47.22),
(235,	6865670972018,	19,	41.9),
(188,	8632344754750,	6,	82.06),
(225,	4346081551646,	20,	77.68),
(14,	2031030798977,	7,	97.5),
(150,	6461223269220,	8,	35.57),
(17,	1213320529054,	9,	36.48),
(126,	5449181629843,	18,	73.53),
(42,	4077475196661,	4,	82.62),
(194,	3043350427260,	18,	37.31),
(134,	7742925309099,	8,	88.09),
(1,	4546361058240,	2,	16.69),
(181,	7102782799791,	18,	63.64),
(96,	6924086934463,	10,	61.72),
(45,	1033366524719,	10,	28.73),
(188,	6273964826934,	10,	20),
(236,	2403607199678,	19,	96.88),
(140,	1575014280750,	1,	23.72),
(40,	6961290205329,	7,	96.54),
(31,	3855877650267,	18,	88.3),
(18,	3939918898252,	9,	30.35),
(84,	4803928065185,	9,	74.54),
(114,	2953281289813,	20,	76.17),
(143,	5293051358956,	12,	57.33),
(102,	1833018042557,	9,	24.05),
(167,	6220769710783,	17,	8.73),
(160,	3325556557132,	6,	28.74),
(108,	9783729760575,	13,	37.46),
(108,	6796871567195,	16,	51.15),
(161,	6054589192692,	13,	12.01),
(73,	4340505615973,	10,	47.26),
(91,	3768078616944,	14,	49.59),
(25,	5962009283481,	7,	45.95),
(174,	4677404330652,	14,	23.99),
(148,	2988630131044,	11,	39.36),
(148,	2434798040650,	10,	58.84),
(85,	7753763778524,	13,	30.35),
(186,	4728097628635,	13,	61.33),
(251,	3287915823118,	5,	66.92),
(2,	7581413810242,	2,	81.88),
(94,	4097315973942,	7,	95.56),
(164,	8358543828452,	12,	27.42),
(136,	7133191534776,	14,	1.69),
(39,	6582366710680,	10,	51.29),
(2,	8061205604954,	7,	91.01),
(163,	8700363698102,	12,	35.01),
(192,	8915626833892,	14,	92.51),
(92,	5943761076199,	9,	93.02),
(118,	4331309542825,	11,	81.06),
(7,	6917717440416,	14,	62.59),
(53,	4259105383474,	11,	12.09),
(176,	8236472114963,	14,	13.46),
(247,	6886782681402,	18,	77.13),
(32,	2839535255311,	14,	35.56),
(75,	9426997441305,	18,	42.67),
(226,	3466849272314,	5,	49.61),
(74,	6479231235809,	15,	62.85),
(96,	6799423103320,	13,	94.38),
(26,	7063350849752,	4,	43.41),
(177,	1919786882649,	5,	14.32),
(67,	1325398311211,	1,	16.86),
(106,	5568422902943,	16,	41.79),
(59,	9466542203154,	2,	30.03),
(245,	5618758212818,	18,	21.45),
(130,	3677473082739,	7,	41.13),
(121,	5997827975258,	19,	63.41),
(89,	6819674517328,	9,	92.92),
(82,	7067277463434,	6,	43.1),
(210,	3673431758299,	20,	39.96),
(92,	5601358821852,	20,	63.03),
(247,	2832505209129,	16,	62.41),
(235,	1919113464683,	6,	5.88),
(130,	6656386927709,	6,	76.38),
(110,	8630343366853,	13,	52.71),
(93,	3999856174108,	15,	75.36),
(16,	3001544051880,	9,	25.05),
(47,	5984961894261,	2,	28.67),
(252,	1109222886852,	18,	45.96),
(78,	7626694911828,	6,	84.66),
(85,	8095394606104,	8,	32.62),
(149,	2095681519875,	13,	94.94),
(225,	3123469288888,	3,	75.78),
(195,	3004295270984,	1,	75.11),
(112,	4642777523005,	16,	43.02),
(41,	4582810032521,	3,	10.36),
(251,	8766831538081,	13,	73.34),
(227,	6833309238617,	14,	11.04),
(118,	7584605408754,	7,	44.5),
(129,	7282088240594,	6,	27.07),
(195,	3349970532795,	9,	88.42),
(72,	7559763025670,	2,	20.12),
(159,	5054415902011,	10,	54.21),
(116,	9904455834844,	4,	9.43),
(52,	7093756872940,	15,	95.7),
(145,	5478612393246,	8,	2.72),
(23,	5427637228206,	12,	17.2),
(135,	6859750738275,	3,	6.06),
(164,	8120528325986,	9,	85.19),
(114,	6616789437686,	12,	43.23),
(52,	2979736293051,	18,	9.11),
(194,	2804311792042,	19,	16.58),
(251,	9485932190565,	15,	83.16),
(21,	8143808990028,	15,	87.15),
(180,	2708668902272,	1,	8),
(53,	8383826812157,	1,	66.45),
(39,	8213350923816,	7,	23.77),
(46,	2517090939780,	7,	2.18),
(141,	5410981130933,	12,	92.93),
(108,	5238786231982,	19,	37.88),
(16,	2476643211885,	9,	51.65),
(3,	6889104564135,	2,	0.35),
(173,	2469368591366,	2,	29.5),
(118,	7278245806351,	1,	40.55),
(222,	6584016160307,	6,	84.34),
(47,	3437797915123,	13,	98.21),
(141,	4272907236536,	8,	33.56),
(144,	8275958946947,	19,	4.71),
(160,	8229457496979,	12,	7.28),
(229,	8299235690591,	10,	58.58),
(144,	2867025489936,	12,	24.73),
(63,	3401689276413,	19,	45.61),
(60,	7454945096839,	2,	93.82),
(110,	6402148848784,	20,	97.89),
(142,	1440244711469,	18,	73.42),
(39,	4323312820457,	15,	12.87),
(82,	5503730091330,	5,	65.23),
(197,	4284183398509,	13,	37.55),
(97,	3173961860738,	11,	43.46),
(195,	8387428943788,	2,	15.83),
(75,	7814461122941,	5,	56.55),
(79,	7359843014414,	18,	75.74),
(185,	3398981193928,	16,	29.35),
(174,	4399260911017,	13,	80.96);

-- 2019-08-25 13:43:29
